{
  "name": "carousel",
  "dependencies": [
    "embla-carousel-react"
  ],
  "registryDependencies": [
    "button"
  ],
  "files": [
    {
      "name": "carousel.tsx",
      "content": "\"use client\"\n\nimport * as React from \"react\"\nimport useEmblaCarousel, {\n  type EmblaCarouselType as CarouselApi,\n  type EmblaOptionsType as CarouselOptions,\n  type EmblaPluginType as CarouselPlugin,\n} from \"embla-carousel-react\"\nimport { ArrowLeft, ArrowRight } from \"lucide-react\"\n\nimport { cn } from \"@/lib/utils\"\nimport { Button } from \"@/registry/default/ui/button\"\n\ntype CarouselProps = {\n  opts?: CarouselOptions\n  plugins?: CarouselPlugin[]\n  orientation?: \"horizontal\" | \"vertical\"\n  setApi?: (api: CarouselApi) => void\n}\n\ntype CarouselContextProps = {\n  carouselRef: ReturnType<typeof useEmblaCarousel>[0]\n  api: ReturnType<typeof useEmblaCarousel>[1]\n  scrollPrev: () => void\n  scrollNext: () => void\n  canScrollPrev: boolean\n  canScrollNext: boolean\n} & CarouselProps\n\nconst CarouselContext = React.createContext<CarouselContextProps | null>(null)\n\nfunction useCarousel() {\n  const context = React.useContext(CarouselContext)\n\n  if (!context) {\n    throw new Error(\"useCarousel must be used within a <Carousel />\")\n  }\n\n  return context\n}\n\nconst Carousel = React.forwardRef<\n  HTMLDivElement,\n  React.HTMLAttributes<HTMLDivElement> & CarouselProps\n>(\n  (\n    {\n      orientation = \"horizontal\",\n      opts,\n      setApi,\n      plugins,\n      className,\n      children,\n      ...props\n    },\n    ref\n  ) => {\n    const [carouselRef, api] = useEmblaCarousel(\n      {\n        ...opts,\n        axis: orientation === \"horizontal\" ? \"x\" : \"y\",\n      },\n      plugins\n    )\n    const [canScrollPrev, setCanScrollPrev] = React.useState(false)\n    const [canScrollNext, setCanScrollNext] = React.useState(false)\n\n    const onSelect = React.useCallback((api: CarouselApi) => {\n      if (!api) {\n        return\n      }\n\n      setCanScrollPrev(api.canScrollPrev())\n      setCanScrollNext(api.canScrollNext())\n    }, [])\n\n    const scrollPrev = React.useCallback(() => {\n      api?.scrollPrev()\n    }, [api])\n\n    const scrollNext = React.useCallback(() => {\n      api?.scrollNext()\n    }, [api])\n\n    const handleKeyDown = React.useCallback(\n      (event: React.KeyboardEvent<HTMLDivElement>) => {\n        if (event.key === \"ArrowLeft\") {\n          event.preventDefault()\n          scrollPrev()\n        } else if (event.key === \"ArrowRight\") {\n          event.preventDefault()\n          scrollNext()\n        }\n      },\n      [scrollPrev, scrollNext]\n    )\n\n    React.useEffect(() => {\n      if (!api || !setApi) {\n        return\n      }\n\n      setApi(api)\n    }, [api, setApi])\n\n    React.useEffect(() => {\n      if (!api) {\n        return\n      }\n\n      onSelect(api)\n      api.on(\"reInit\", onSelect)\n      api.on(\"select\", onSelect)\n\n      return () => {\n        api?.off(\"select\", onSelect)\n      }\n    }, [api, onSelect])\n\n    return (\n      <CarouselContext.Provider\n        value={{\n          carouselRef,\n          api: api,\n          opts,\n          orientation:\n            orientation || (opts?.axis === \"y\" ? \"vertical\" : \"horizontal\"),\n          scrollPrev,\n          scrollNext,\n          canScrollPrev,\n          canScrollNext,\n        }}\n      >\n        <div\n          ref={ref}\n          onKeyDownCapture={handleKeyDown}\n          className={cn(\"relative\", className)}\n          role=\"region\"\n          aria-roledescription=\"carousel\"\n          {...props}\n        >\n          {children}\n        </div>\n      </CarouselContext.Provider>\n    )\n  }\n)\nCarousel.displayName = \"Carousel\"\n\nconst CarouselContent = React.forwardRef<\n  HTMLDivElement,\n  React.HTMLAttributes<HTMLDivElement>\n>(({ className, ...props }, ref) => {\n  const { carouselRef, orientation } = useCarousel()\n\n  return (\n    <div ref={carouselRef} className=\"overflow-hidden\">\n      <div\n        ref={ref}\n        className={cn(\n          \"flex\",\n          orientation === \"horizontal\" ? \"-ml-4\" : \"-mt-4 flex-col\",\n          className\n        )}\n        {...props}\n      />\n    </div>\n  )\n})\nCarouselContent.displayName = \"CarouselContent\"\n\nconst CarouselItem = React.forwardRef<\n  HTMLDivElement,\n  React.HTMLAttributes<HTMLDivElement>\n>(({ className, ...props }, ref) => {\n  const { orientation } = useCarousel()\n\n  return (\n    <div\n      ref={ref}\n      role=\"group\"\n      aria-roledescription=\"slide\"\n      className={cn(\n        \"min-w-0 shrink-0 grow-0 basis-full\",\n        orientation === \"horizontal\" ? \"pl-4\" : \"pt-4\",\n        className\n      )}\n      {...props}\n    />\n  )\n})\nCarouselItem.displayName = \"CarouselItem\"\n\nconst CarouselPrevious = React.forwardRef<\n  HTMLButtonElement,\n  React.ComponentProps<typeof Button>\n>(({ className, variant = \"outline\", size = \"icon\", ...props }, ref) => {\n  const { orientation, scrollPrev, canScrollPrev } = useCarousel()\n\n  return (\n    <Button\n      ref={ref}\n      variant={variant}\n      size={size}\n      className={cn(\n        \"absolute  h-8 w-8 rounded-full\",\n        orientation === \"horizontal\"\n          ? \"-left-12 top-1/2 -translate-y-1/2\"\n          : \"-top-12 left-1/2 -translate-x-1/2 rotate-90\",\n        className\n      )}\n      disabled={!canScrollPrev}\n      onClick={scrollPrev}\n      {...props}\n    >\n      <ArrowLeft className=\"h-4 w-4\" />\n      <span className=\"sr-only\">Previous slide</span>\n    </Button>\n  )\n})\nCarouselPrevious.displayName = \"CarouselPrevious\"\n\nconst CarouselNext = React.forwardRef<\n  HTMLButtonElement,\n  React.ComponentProps<typeof Button>\n>(({ className, variant = \"outline\", size = \"icon\", ...props }, ref) => {\n  const { orientation, scrollNext, canScrollNext } = useCarousel()\n\n  return (\n    <Button\n      ref={ref}\n      variant={variant}\n      size={size}\n      className={cn(\n        \"absolute h-8 w-8 rounded-full\",\n        orientation === \"horizontal\"\n          ? \"-right-12 top-1/2 -translate-y-1/2\"\n          : \"-bottom-12 left-1/2 -translate-x-1/2 rotate-90\",\n        className\n      )}\n      disabled={!canScrollNext}\n      onClick={scrollNext}\n      {...props}\n    >\n      <ArrowRight className=\"h-4 w-4\" />\n      <span className=\"sr-only\">Next slide</span>\n    </Button>\n  )\n})\nCarouselNext.displayName = \"CarouselNext\"\n\nexport {\n  type CarouselApi,\n  Carousel,\n  CarouselContent,\n  CarouselItem,\n  CarouselPrevious,\n  CarouselNext,\n}\n"
    }
  ],
  "type": "components:ui"
}