{
  "name": "pagination",
  "registryDependencies": [
    "button"
  ],
  "files": [
    {
      "name": "pagination.tsx",
      "content": "import * as React from \"react\"\nimport { ChevronLeft, ChevronRight, MoreHorizontal } from \"lucide-react\"\n\nimport { cn } from \"@/lib/utils\"\nimport { ButtonProps, buttonVariants } from \"@/registry/default/ui/button\"\n\nconst Pagination = ({ className, ...props }: React.ComponentProps<\"nav\">) => (\n  <nav\n    role=\"navigation\"\n    aria-label=\"pagination\"\n    className={cn(\"mx-auto flex w-full justify-center\", className)}\n    {...props}\n  />\n)\n\nconst PaginationContent = React.forwardRef<\n  HTMLUListElement,\n  React.ComponentProps<\"ul\">\n>(({ className, ...props }, ref) => (\n  <ul\n    ref={ref}\n    className={cn(\"flex flex-row items-center gap-1\", className)}\n    {...props}\n  />\n))\nPaginationContent.displayName = \"PaginationContent\"\n\nconst PaginationItem = React.forwardRef<\n  HTMLLIElement,\n  React.ComponentProps<\"li\">\n>(({ className, ...props }, ref) => (\n  <li ref={ref} className={cn(\"\", className)} {...props} />\n))\nPaginationItem.displayName = \"PaginationItem\"\n\ntype PaginationLinkProps = {\n  isActive?: boolean\n} & Pick<ButtonProps, \"size\"> &\n  React.ComponentProps<\"a\">\n\nconst PaginationLink = ({\n  className,\n  isActive,\n  size = \"icon\",\n  ...props\n}: PaginationLinkProps) => (\n  <PaginationItem>\n    <a\n      aria-current={isActive ? \"page\" : undefined}\n      className={cn(\n        buttonVariants({\n          variant: isActive ? \"outline\" : \"ghost\",\n          size,\n        }),\n        className\n      )}\n      {...props}\n    />\n  </PaginationItem>\n)\nPaginationLink.displayName = \"PaginationLink\"\n\nconst PaginationPrevious = ({\n  className,\n  ...props\n}: React.ComponentProps<typeof PaginationLink>) => (\n  <PaginationLink\n    aria-label=\"Go to previous page\"\n    size=\"default\"\n    className={cn(\"gap-1 pl-2.5\", className)}\n    {...props}\n  >\n    <ChevronLeft className=\"h-4 w-4\" />\n    <span>Previous</span>\n  </PaginationLink>\n)\nPaginationPrevious.displayName = \"PaginationPrevious\"\n\nconst PaginationNext = ({\n  className,\n  ...props\n}: React.ComponentProps<typeof PaginationLink>) => (\n  <PaginationLink\n    aria-label=\"Go to next page\"\n    size=\"default\"\n    className={cn(\"gap-1 pr-2.5\", className)}\n    {...props}\n  >\n    <span>Next</span>\n    <ChevronRight className=\"h-4 w-4\" />\n  </PaginationLink>\n)\n\nconst PaginationEllipsis = ({\n  className,\n  ...props\n}: React.ComponentProps<\"span\">) => (\n  <span\n    aria-hidden\n    className={cn(\"flex h-9 w-9 items-center justify-center\", className)}\n    {...props}\n  >\n    <MoreHorizontal className=\"h-4 w-4\" />\n    <span className=\"sr-only\">More pages</span>\n  </span>\n)\n\nexport {\n  Pagination,\n  PaginationContent,\n  PaginationEllipsis,\n  PaginationItem,\n  PaginationLink,\n  PaginationNext,\n  PaginationPrevious,\n}\n"
    }
  ],
  "type": "components:ui"
}