{
  "name": "progress",
  "dependencies": [
    "@radix-ui/react-progress"
  ],
  "files": [
    {
      "name": "progress.tsx",
      "content": "\"use client\"\n\nimport * as React from \"react\"\nimport * as ProgressPrimitive from \"@radix-ui/react-progress\"\n\nimport { cn } from \"@/lib/utils\"\n\nconst Progress = React.forwardRef<\n  React.ElementRef<typeof ProgressPrimitive.Root>,\n  React.ComponentPropsWithoutRef<typeof ProgressPrimitive.Root>\n>(({ className, value, ...props }, ref) => (\n  <ProgressPrimitive.Root\n    ref={ref}\n    className={cn(\n      \"relative h-2 w-full overflow-hidden rounded-full bg-primary/20\",\n      className\n    )}\n    {...props}\n  >\n    <ProgressPrimitive.Indicator\n      className=\"h-full w-full flex-1 bg-primary transition-all\"\n      style={{ transform: `translateX(-${100 - (value || 0)}%)` }}\n    />\n  </ProgressPrimitive.Root>\n))\nProgress.displayName = ProgressPrimitive.Root.displayName\n\nexport { Progress }\n"
    }
  ],
  "type": "components:ui"
}