{
  "name": "toggle-group",
  "dependencies": [
    "@radix-ui/react-toggle-group"
  ],
  "registryDependencies": [
    "toggle"
  ],
  "files": [
    {
      "name": "toggle-group.tsx",
      "content": "\"use client\"\n\nimport * as React from \"react\"\nimport * as ToggleGroupPrimitive from \"@radix-ui/react-toggle-group\"\nimport { VariantProps } from \"class-variance-authority\"\n\nimport { cn } from \"@/lib/utils\"\nimport { toggleVariants } from \"@/registry/new-york/ui/toggle\"\n\nconst ToggleGroupContext = React.createContext<\n  VariantProps<typeof toggleVariants>\n>({\n  size: \"default\",\n  variant: \"default\",\n})\n\nconst ToggleGroup = React.forwardRef<\n  React.ElementRef<typeof ToggleGroupPrimitive.Root>,\n  React.ComponentPropsWithoutRef<typeof ToggleGroupPrimitive.Root> &\n    VariantProps<typeof toggleVariants>\n>(({ className, variant, size, children, ...props }, ref) => (\n  <ToggleGroupPrimitive.Root\n    ref={ref}\n    className={cn(\"flex items-center justify-center gap-1\", className)}\n    {...props}\n  >\n    <ToggleGroupContext.Provider value={{ variant, size }}>\n      {children}\n    </ToggleGroupContext.Provider>\n  </ToggleGroupPrimitive.Root>\n))\n\nToggleGroup.displayName = ToggleGroupPrimitive.Root.displayName\n\nconst ToggleGroupItem = React.forwardRef<\n  React.ElementRef<typeof ToggleGroupPrimitive.Item>,\n  React.ComponentPropsWithoutRef<typeof ToggleGroupPrimitive.Item> &\n    VariantProps<typeof toggleVariants>\n>(({ className, children, variant, size, ...props }, ref) => {\n  const context = React.useContext(ToggleGroupContext)\n\n  return (\n    <ToggleGroupPrimitive.Item\n      ref={ref}\n      className={cn(\n        toggleVariants({\n          variant: context.variant || variant,\n          size: context.size || size,\n        }),\n        className\n      )}\n      {...props}\n    >\n      {children}\n    </ToggleGroupPrimitive.Item>\n  )\n})\n\nToggleGroupItem.displayName = ToggleGroupPrimitive.Item.displayName\n\nexport { ToggleGroup, ToggleGroupItem }\n"
    }
  ],
  "type": "components:ui"
}