{
  "inlineColors": {
    "light": {
      "background": "white",
      "foreground": "stone-950",
      "card": "white",
      "card-foreground": "stone-950",
      "popover": "white",
      "popover-foreground": "stone-950",
      "primary": "stone-900",
      "primary-foreground": "stone-50",
      "secondary": "stone-100",
      "secondary-foreground": "stone-900",
      "muted": "stone-100",
      "muted-foreground": "stone-500",
      "accent": "stone-100",
      "accent-foreground": "stone-900",
      "destructive": "red-500",
      "destructive-foreground": "stone-50",
      "border": "stone-200",
      "input": "stone-200",
      "ring": "stone-950"
    },
    "dark": {
      "background": "stone-950",
      "foreground": "stone-50",
      "card": "stone-950",
      "card-foreground": "stone-50",
      "popover": "stone-950",
      "popover-foreground": "stone-50",
      "primary": "stone-50",
      "primary-foreground": "stone-900",
      "secondary": "stone-800",
      "secondary-foreground": "stone-50",
      "muted": "stone-800",
      "muted-foreground": "stone-400",
      "accent": "stone-800",
      "accent-foreground": "stone-50",
      "destructive": "red-900",
      "destructive-foreground": "stone-50",
      "border": "stone-800",
      "input": "stone-800",
      "ring": "stone-300"
    }
  },
  "cssVars": {
    "light": {
      "background": "0 0% 100%",
      "foreground": "20 14.3% 4.1%",
      "card": "0 0% 100%",
      "card-foreground": "20 14.3% 4.1%",
      "popover": "0 0% 100%",
      "popover-foreground": "20 14.3% 4.1%",
      "primary": "24 9.8% 10%",
      "primary-foreground": "60 9.1% 97.8%",
      "secondary": "60 4.8% 95.9%",
      "secondary-foreground": "24 9.8% 10%",
      "muted": "60 4.8% 95.9%",
      "muted-foreground": "25 5.3% 44.7%",
      "accent": "60 4.8% 95.9%",
      "accent-foreground": "24 9.8% 10%",
      "destructive": "0 84.2% 60.2%",
      "destructive-foreground": "60 9.1% 97.8%",
      "border": "20 5.9% 90%",
      "input": "20 5.9% 90%",
      "ring": "20 14.3% 4.1%"
    },
    "dark": {
      "background": "20 14.3% 4.1%",
      "foreground": "60 9.1% 97.8%",
      "card": "20 14.3% 4.1%",
      "card-foreground": "60 9.1% 97.8%",
      "popover": "20 14.3% 4.1%",
      "popover-foreground": "60 9.1% 97.8%",
      "primary": "60 9.1% 97.8%",
      "primary-foreground": "24 9.8% 10%",
      "secondary": "12 6.5% 15.1%",
      "secondary-foreground": "60 9.1% 97.8%",
      "muted": "12 6.5% 15.1%",
      "muted-foreground": "24 5.4% 63.9%",
      "accent": "12 6.5% 15.1%",
      "accent-foreground": "60 9.1% 97.8%",
      "destructive": "0 62.8% 30.6%",
      "destructive-foreground": "60 9.1% 97.8%",
      "border": "12 6.5% 15.1%",
      "input": "12 6.5% 15.1%",
      "ring": "24 5.7% 82.9%"
    }
  },
  "inlineColorsTemplate": "@tailwind base;\n@tailwind components;\n@tailwind utilities;\n",
  "cssVarsTemplate": "@tailwind base;\n@tailwind components;\n@tailwind utilities;\n \n@layer base {\n  :root {\n    --background: 0 0% 100%;\n    --foreground: 20 14.3% 4.1%;\n\n    --card: 0 0% 100%;\n    --card-foreground: 20 14.3% 4.1%;\n \n    --popover: 0 0% 100%;\n    --popover-foreground: 20 14.3% 4.1%;\n \n    --primary: 24 9.8% 10%;\n    --primary-foreground: 60 9.1% 97.8%;\n \n    --secondary: 60 4.8% 95.9%;\n    --secondary-foreground: 24 9.8% 10%;\n \n    --muted: 60 4.8% 95.9%;\n    --muted-foreground: 25 5.3% 44.7%;\n \n    --accent: 60 4.8% 95.9%;\n    --accent-foreground: 24 9.8% 10%;\n \n    --destructive: 0 84.2% 60.2%;\n    --destructive-foreground: 60 9.1% 97.8%;\n\n    --border: 20 5.9% 90%;\n    --input: 20 5.9% 90%;\n    --ring: 20 14.3% 4.1%;\n \n    --radius: 0.5rem;\n  }\n \n  .dark {\n    --background: 20 14.3% 4.1%;\n    --foreground: 60 9.1% 97.8%;\n \n    --card: 20 14.3% 4.1%;\n    --card-foreground: 60 9.1% 97.8%;\n \n    --popover: 20 14.3% 4.1%;\n    --popover-foreground: 60 9.1% 97.8%;\n \n    --primary: 60 9.1% 97.8%;\n    --primary-foreground: 24 9.8% 10%;\n \n    --secondary: 12 6.5% 15.1%;\n    --secondary-foreground: 60 9.1% 97.8%;\n \n    --muted: 12 6.5% 15.1%;\n    --muted-foreground: 24 5.4% 63.9%;\n \n    --accent: 12 6.5% 15.1%;\n    --accent-foreground: 60 9.1% 97.8%;\n \n    --destructive: 0 62.8% 30.6%;\n    --destructive-foreground: 60 9.1% 97.8%;\n \n    --border: 12 6.5% 15.1%;\n    --input: 12 6.5% 15.1%;\n    --ring: 24 5.7% 82.9%;\n  }\n}\n \n@layer base {\n  * {\n    @apply border-border;\n  }\n  body {\n    @apply bg-background text-foreground;\n  }\n}"
}